Sites	crt-Cys72Ser	crt-Val73Leu	crt-Met74Ile
Arusha	0.776649054540802 x	0.534939739638019 x	0.62406725302112 x
Dodoma	0.537515158637649 x	0.95699132493775 x	0.870313560936556 x
Iringa	0.809657884046406 x	0.111833940236973 x	0.684159650578315 x
Kigoma	0.939506404711755 x	0.133301842047748 x	0.361007878064428 x
